targetid,ordernumber,organism,species,genotype,tissue,aliastargetname,primersname,extractplatebarcode,extractplatewell,targetplatebarcode,targetplatewell,label,comment,barcode9l,barcode,extractid,tagcounttotal,tagcountunique,overrepcount,overreppct,targetquality,flowcellbarcode,flowcelllane
4027180,DNote24-9763,Notechis,-,234182,unknown,P_ad_hp,EBPCR1+HpaII,E/colleen/30-8-24/001,F1,T/sissiv/26-9-24/010,A1,,,GTTCAGAACGATGAT,GTTCAGAACGATGA,2914786,1619894,194028,35,14.72,downshifted,22T375LT3,8
4027181,DNote24-9763,Notechis,-,234201,unknown,P_ad_hp,EBPCR1+HpaII,E/colleen/30-8-24/001,G1,T/sissiv/26-9-24/010,B1,,,GTCTAGCGGCGTTGC,GTCTAGCGGCGT,2914787,1823056,238988,33,11.41,downshifted,22T375LT3,8
4027182,DNote24-9763,Notechis,-,234202,unknown,P_ad_hp,EBPCR1+HpaII,E/colleen/30-8-24/001,H1,T/sissiv/26-9-24/010,C1,,,ATCGCCACTTCAAGT,ATCGCCACTTCAAG,2914788,1937750,284022,32,11.10,downshifted,22T375LT3,8
4027183,DNote24-9763,Notechis,-,234208,unknown,P_ad_hp,EBPCR1+HpaII,E/colleen/30-8-24/001,A2,T/sissiv/26-9-24/010,D1,,,GATGAGTGCCAATGC,GATGAGTGCCAA,2914789,2039125,246448,31,9.98,downshifted,22T375LT3,8
4027184,DNote24-9763,Notechis,-,234217,unknown,P_ad_hp,EBPCR1+HpaII,E/colleen/30-8-24/001,B2,T/sissiv/26-9-24/010,E1,,,AACGGACAACGGAAT,AACGGACAACGGAA,2914790,2039643,202835,33,12.91,downshifted,22T375LT3,8
4027185,DNote24-9763,Notechis,-,249490,unknown,P_ad_hp,EBPCR1+HpaII,E/colleen/30-8-24/001,E2,T/sissiv/26-9-24/010,F1,,,GACTGGAGAATGCAG,GACTGGAGAA,2914793,1905467,186165,35,9.69,downshifted,22T375LT3,8
4027186,DNote24-9763,Notechis,-,249517,unknown,P_ad_hp,EBPCR1+HpaII,E/colleen/30-8-24/001,F2,T/sissiv/26-9-24/010,G1,,,CGGCGTCTTAGTGCA,CGGCGTCTTAG,2914794,1733633,258081,23,4.57,downshifted,22T375LT3,8
4027187,DNote24-9763,Notechis,-,249525,unknown,P_ad_hp,EBPCR1+HpaII,E/colleen/30-8-24/001,G2,T/sissiv/26-9-24/010,H1,,,GCATACCGCCGCAAT,GCATACCGCCGCAA,2914795,1872226,209016,31,4.90,downshifted,22T375LT3,8
4027188,DNote24-9763,Notechis,-,249562,unknown,P_ad_hp,EBPCR1+HpaII,E/colleen/30-8-24/001,H2,T/sissiv/26-9-24/010,A2,,,CCTTGGATAGCCGTG,CCTTGGATAGCCG,2914796,1736008,185522,29,3.18,downshifted,22T375LT3,8
4027190,DNote24-9763,Notechis,-,Ad023,unknown,P_ad_hp,EBPCR1+HpaII,E/colleen/30-8-24/001,E5,T/sissiv/26-9-24/010,C2,,,GACAACTCGGTCGTG,GACAACTCGGTCG,2914817,2043956,291877,31,1.98,downshifted,22T375LT3,8
4027191,DNote24-9763,Notechis,-,Ad025,unknown,P_ad_hp,EBPCR1+HpaII,E/colleen/30-8-24/001,G5,T/sissiv/26-9-24/010,D2,,,ATGTCACCGCGTCTT,ATGTCACCGCGTCT,2914819,1780248,236903,29,1.63,downshifted,22T375LT3,8
4027192,DNote24-9763,Notechis,-,Ad026,unknown,P_ad_hp,EBPCR1+HpaII,E/colleen/30-8-24/001,H5,T/sissiv/26-9-24/010,E2,,,CTTATGTAAGGTTGC,CTTATGTAAGGT,2914820,1955991,256272,35,1.93,downshifted,22T375LT3,8
4027193,DNote24-9763,Notechis,-,Ae015,unknown,P_ad_hp,EBPCR1+HpaII,E/colleen/30-8-24/001,E6,T/sissiv/26-9-24/010,F2,,,TCTGCGTCTAATGCA,TCTGCGTCTAA,2914825,1688710,182204,30,2.13,downshifted,22T375LT3,8
4027194,DNote24-9763,Notechis,-,Af002,unknown,P_ad_hp,EBPCR1+HpaII,E/colleen/30-8-24/001,F6,T/sissiv/26-9-24/010,G2,,,ACGCAAGACTTATGC,ACGCAAGACTTA,2914826,1810578,288767,22,1.38,downshifted,22T375LT3,8
4027195,DNote24-9763,Notechis,-,Af003,unknown,P_ad_hp,EBPCR1+HpaII,E/colleen/30-8-24/001,G6,T/sissiv/26-9-24/010,H2,,,CTAACAATATGTGCA,CTAACAATATG,2914827,1631743,249736,17,1.06,downshifted,22T375LT3,8
4027196,DNote24-9763,Notechis,-,Af004,unknown,P_ad_hp,EBPCR1+HpaII,E/colleen/30-8-24/001,H6,T/sissiv/26-9-24/010,A3,,,AGAACCATGCGGATG,AGAACCATGCGGA,2914828,1929843,342322,15,0.84,downshifted,22T375LT3,8
4027197,DNote24-9763,Notechis,-,"Al 279",unknown,P_ad_hp,EBPCR1+HpaII,E/colleen/30-8-24/001,B9,T/sissiv/26-9-24/010,B3,,,AGCCTACTGACCGTT,AGCCTACTGACCGT,2914846,1827503,331697,18,1.57,downshifted,22T375LT3,8
4027198,DNote24-9763,Notechis,-,"Al 280",unknown,P_ad_hp,EBPCR1+HpaII,E/colleen/30-8-24/001,C9,T/sissiv/26-9-24/010,C3,,,TGACCACTGGTTATG,TGACCACTGGTTA,2914847,1835022,310703,24,1.29,downshifted,22T375LT3,8
4027199,DNote24-9763,Notechis,-,"Al 281",unknown,P_ad_hp,EBPCR1+HpaII,E/colleen/30-8-24/001,D9,T/sissiv/26-9-24/010,D3,,,AGACATCGTGTGCAG,AGACATCGTG,2914848,1869825,320568,23,1.34,downshifted,22T375LT3,8
4027200,DNote24-9763,Notechis,-,"Al 282",unknown,P_ad_hp,EBPCR1+HpaII,E/colleen/30-8-24/001,E9,T/sissiv/26-9-24/010,E3,,,ATATACACATCGTGC,ATATACACATCG,2914849,1777376,356292,25,1.10,downshifted,22T375LT3,8
4027201,DNote24-9763,Notechis,-,"Al 283",unknown,P_ad_hp,EBPCR1+HpaII,E/colleen/30-8-24/001,F9,T/sissiv/26-9-24/010,F3,,,GTGCCAAGGCAGTTG,GTGCCAAGGCAGT,2914850,1740924,376824,23,1.16,downshifted,22T375LT3,8
4027202,DNote24-9763,Notechis,-,"Al 285",unknown,P_ad_hp,EBPCR1+HpaII,E/colleen/30-8-24/001,G9,T/sissiv/26-9-24/010,G3,,,CTAATGGAGGAATGC,CTAATGGAGGAA,2914851,1694883,345887,19,0.92,downshifted,22T375LT3,8
4027203,DNote24-9763,Notechis,-,"Al 286",unknown,P_ad_hp,EBPCR1+HpaII,E/colleen/30-8-24/001,H9,T/sissiv/26-9-24/010,H3,,,CTGATCGCTTATATG,CTGATCGCTTATA,2914852,1760172,345100,17,1.01,downshifted,22T375LT3,8
4027204,DNote24-9763,Notechis,-,"Al 287",unknown,P_ad_hp,EBPCR1+HpaII,E/colleen/30-8-24/001,A10,T/sissiv/26-9-24/010,A4,,,TCTGCCTTCCAATAT,TCTGCCTTCCAATA,2914853,1806409,328717,23,0.93,good,22T375LT3,8
4027205,DNote24-9763,Notechis,-,"Al 288",unknown,P_ad_hp,EBPCR1+HpaII,E/colleen/30-8-24/001,B10,T/sissiv/26-9-24/010,B4,,,TACTGCTAATGTGCA,TACTGCTAATG,2914854,1773942,332604,18,1.02,good,22T375LT3,8
4027206,DNote24-9763,Notechis,-,"Al 291",unknown,P_ad_hp,EBPCR1+HpaII,E/colleen/30-8-24/001,D10,T/sissiv/26-9-24/010,C4,,,AGATATTGATGTGCA,AGATATTGATG,2914856,1804932,294331,29,1.66,downshifted,22T375LT3,8
4027207,DNote24-9763,Notechis,-,"Al 292",unknown,P_ad_hp,EBPCR1+HpaII,E/colleen/30-8-24/001,E10,T/sissiv/26-9-24/010,D4,,,GCTGAAGTGTTGCAG,GCTGAAGTGT,2914857,1853530,324510,26,1.42,downshifted,22T375LT3,8
4027208,DNote24-9763,Notechis,-,"Al 293",unknown,P_ad_hp,EBPCR1+HpaII,E/colleen/30-8-24/001,F10,T/sissiv/26-9-24/010,E4,,,TTCGTCACGTATGCA,TTCGTCACGTA,2914858,1858475,292516,19,1.26,downshifted,22T375LT3,8
4027209,DNote24-9763,Notechis,-,"Al 295",unknown,P_ad_hp,EBPCR1+HpaII,E/colleen/30-8-24/001,G10,T/sissiv/26-9-24/010,F4,,,TGTGGTCATGCCATG,TGTGGTCATGCCA,2914859,1790273,282880,29,1.39,downshifted,22T375LT3,8
4027210,DNote24-9763,Notechis,-,"Al 296",unknown,P_ad_hp,EBPCR1+HpaII,E/colleen/30-8-24/001,H10,T/sissiv/26-9-24/010,G4,,,ACCTTATCAACAGTG,ACCTTATCAACAG,2914860,1953031,332829,29,1.78,downshifted,22T375LT3,8
4027211,DNote24-9763,Notechis,-,"Al 297",unknown,P_ad_hp,EBPCR1+HpaII,E/colleen/30-8-24/001,A11,T/sissiv/26-9-24/010,H4,,,CACGGTTAGAGTATG,CACGGTTAGAGTA,2914861,1683503,283181,26,1.18,downshifted,22T375LT3,8
4027213,DNote24-9763,Notechis,-,AL425,unknown,P_ad_hp,EBPCR1+HpaII,E/colleen/30-8-24/002,A6,T/sissiv/26-9-24/010,B5,,,CTGATACTGCGTTGC,CTGATACTGCGT,2914915,1665784,256868,29,1.65,downshifted,22T375LT3,8
4027214,DNote24-9763,Notechis,-,AL434,unknown,P_ad_hp,EBPCR1+HpaII,E/colleen/30-8-24/002,A7,T/sissiv/26-9-24/010,C5,,,CTAAGTTCAACAGTG,CTAAGTTCAACAG,2914923,1776399,308918,30,1.47,downshifted,22T375LT3,8
4027215,DNote24-9763,Notechis,-,AL435,unknown,P_ad_hp,EBPCR1+HpaII,E/colleen/30-8-24/002,B7,T/sissiv/26-9-24/010,D5,,,GATTCCTATTCGTGC,GATTCCTATTCG,2914924,1945748,315019,29,2.15,downshifted,22T375LT3,8
4027216,DNote24-9763,Notechis,-,AL436,unknown,P_ad_hp,EBPCR1+HpaII,E/colleen/30-8-24/002,C7,T/sissiv/26-9-24/010,E5,,,AGCGGAATATGTGCA,AGCGGAATATG,2914925,1801546,280484,25,1.49,downshifted,22T375LT3,8
4027217,DNote24-9763,Notechis,-,AL437,unknown,P_ad_hp,EBPCR1+HpaII,E/colleen/30-8-24/002,D7,T/sissiv/26-9-24/010,F5,,,AAGGCAAGTCTATGC,AAGGCAAGTCTA,2914926,1989856,288338,24,1.50,downshifted,22T375LT3,8
4027218,DNote24-9763,Notechis,-,AL439,unknown,P_ad_hp,EBPCR1+HpaII,E/colleen/30-8-24/002,E7,T/sissiv/26-9-24/010,G5,,,AAGCGTAATGGTGCA,AAGCGTAATGG,2914927,2003278,289661,30,2.10,downshifted,22T375LT3,8
4027219,DNote24-9763,Notechis,-,AL440,unknown,P_ad_hp,EBPCR1+HpaII,E/colleen/30-8-24/002,F7,T/sissiv/26-9-24/010,H5,,,ACGCATTGACTTGAT,ACGCATTGACTTGA,2914928,2091052,267935,21,1.62,downshifted,22T375LT3,8
4027220,DNote24-9763,Notechis,-,AL441,unknown,P_ad_hp,EBPCR1+HpaII,E/colleen/30-8-24/002,G7,T/sissiv/26-9-24/010,A6,,,GAACGAGCCGTTGCA,GAACGAGCCGT,2914929,1847953,248013,32,2.25,downshifted,22T375LT3,8
4027221,DNote24-9763,Notechis,-,As006,unknown,P_ad_hp,EBPCR1+HpaII,E/colleen/30-8-24/002,D9,T/sissiv/26-9-24/010,B6,,,ATGGCTGGTTCCGAT,ATGGCTGGTTCCGA,2914942,1820844,282331,17,2.92,downshifted,22T375LT3,8
4027222,DNote24-9763,Notechis,-,As007,unknown,P_ad_hp,EBPCR1+HpaII,E/colleen/30-8-24/002,E9,T/sissiv/26-9-24/010,C6,,,GAGAAGGCGACAGAT,GAGAAGGCGACAGA,2914943,1778700,246369,23,3.41,downshifted,22T375LT3,8
4027223,DNote24-9763,Notechis,-,As008,unknown,P_ad_hp,EBPCR1+HpaII,E/colleen/30-8-24/002,F9,T/sissiv/26-9-24/010,D6,,,ACACTGATAACTGTG,ACACTGATAACTG,2914944,1779620,237565,17,1.76,downshifted,22T375LT3,8
4027224,DNote24-9763,Notechis,-,As009,unknown,P_ad_hp,EBPCR1+HpaII,E/colleen/30-8-24/002,G9,T/sissiv/26-9-24/010,E6,,,ACGCTACTATTGCAG,ACGCTACTAT,2914945,1747539,239183,26,3.26,downshifted,22T375LT3,8
4027225,DNote24-9763,Notechis,-,As010,unknown,P_ad_hp,EBPCR1+HpaII,E/colleen/30-8-24/002,H9,T/sissiv/26-9-24/010,F6,,,ATCTATCCGTGTGCA,ATCTATCCGTG,2914946,1964196,280704,22,1.70,downshifted,22T375LT3,8
4027227,DNote24-9763,Notechis,-,Dk006,unknown,P_ad_hp,EBPCR1+HpaII,E/colleen/30-8-24/002,B11,T/sissiv/26-9-24/010,H6,,,CAATGTGATATAGTG,CAATGTGATATAG,2914956,1711777,162343,21,7.67,downshifted,22T375LT3,8
4027228,DNote24-9763,Notechis,-,Dk009,unknown,P_ad_hp,EBPCR1+HpaII,E/colleen/30-8-24/002,C11,T/sissiv/26-9-24/010,A7,,,CGGTAGGCTAGAGTG,CGGTAGGCTAGAG,2914957,1671636,257929,15,4.47,good,22T375LT3,8
4027229,DNote24-9763,Notechis,-,Dm010,unknown,P_ad_hp,EBPCR1+HpaII,E/colleen/30-8-24/002,B12,T/sissiv/26-9-24/010,B7,,,TTAGAGCGAGCCTAT,TTAGAGCGAGCCTA,2914964,1995812,194153,29,7.22,downshifted,22T375LT3,8
4027230,DNote24-9763,Notechis,-,Dm011,unknown,P_ad_hp,EBPCR1+HpaII,E/colleen/30-8-24/002,C12,T/sissiv/26-9-24/010,C7,,,TCGTAATGGAGAGTG,TCGTAATGGAGAG,2914965,1786788,222810,27,7.21,downshifted,22T375LT3,8
4027231,DNote24-9763,Notechis,-,Dm014,unknown,P_ad_hp,EBPCR1+HpaII,E/colleen/30-8-24/002,D12,T/sissiv/26-9-24/010,D7,,,GTGTTACGACCGCTT,GTGTTACGACCGCT,2914966,1943199,238389,27,5.82,downshifted,22T375LT3,8
4027232,DNote24-9763,Notechis,-,"KLS 1684",unknown,P_ad_hp,EBPCR1+HpaII,E/colleen/30-8-24/004,H4,T/sissiv/26-9-24/010,E7,,,CAGAGGTCTCTTGCA,CAGAGGTCTCT,2915094,1239699,251314,10,1.17,good,22T375LT3,8
4027245,DNote24-9763,Notechis,-,Pp021,unknown,P_ad_hp,EBPCR1+HpaII,E/colleen/30-8-24/004,F11,T/sissiv/26-9-24/010,B9,,,CAAGCGGATTGTGCA,CAAGCGGATTG,2915148,1966228,258420,16,2.01,downshifted,22T375LT3,8
4027246,DNote24-9763,Notechis,-,Pp023,unknown,P_ad_hp,EBPCR1+HpaII,E/colleen/30-8-24/004,G11,T/sissiv/26-9-24/010,C9,,,TATAAGCATCGGTGC,TATAAGCATCGG,2915149,1998322,262655,22,2.05,downshifted,22T375LT3,8
4027248,DNote24-9763,Notechis,-,249605,unknown,P_ad_hp,EBPCR1+HpaII,E/colleen/30-8-24/001,A3,T/sissiv/26-9-24/012,A1,,,GATAGTGGCTATGCA,GATAGTGGCTA,2914797,1714710,234632,14,2.66,good,22T375LT3,8
4027249,DNote24-9763,Notechis,-,Ad001,unknown,P_ad_hp,EBPCR1+HpaII,E/colleen/30-8-24/001,B3,T/sissiv/26-9-24/012,B1,,,TGTCACTGGCTTGCA,TGTCACTGGCT,2914798,2054786,308550,23,1.43,good,22T375LT3,8
4027250,DNote24-9763,Notechis,-,Ad002,unknown,P_ad_hp,EBPCR1+HpaII,E/colleen/30-8-24/001,C3,T/sissiv/26-9-24/012,C1,,,GCCACAAGAGTTGCA,GCCACAAGAGT,2914799,1976197,314545,23,1.50,good,22T375LT3,8
4027251,DNote24-9763,Notechis,-,Ad003,unknown,P_ad_hp,EBPCR1+HpaII,E/colleen/30-8-24/001,D3,T/sissiv/26-9-24/012,D1,,,AGACACCAGTTGCAG,AGACACCAGT,2914800,1717245,287888,33,1.99,good,22T375LT3,8
4027252,DNote24-9763,Notechis,-,Ad005,unknown,P_ad_hp,EBPCR1+HpaII,E/colleen/30-8-24/001,E3,T/sissiv/26-9-24/012,E1,,,AGTGAGCAAGCGTGC,AGTGAGCAAGCG,2914801,1752941,283982,36,2.36,good,22T375LT3,8
4027253,DNote24-9763,Notechis,-,Ad007,unknown,P_ad_hp,EBPCR1+HpaII,E/colleen/30-8-24/001,F3,T/sissiv/26-9-24/012,F1,,,GTTGTTACGTGAGTG,GTTGTTACGTGAG,2914802,1901772,298576,31,2.08,good,22T375LT3,8
4027254,DNote24-9763,Notechis,-,Ad008,unknown,P_ad_hp,EBPCR1+HpaII,E/colleen/30-8-24/001,G3,T/sissiv/26-9-24/012,G1,,,TTCACGTCTGTGCAG,TTCACGTCTG,2914803,1951982,256172,35,2.67,good,22T375LT3,8
4027255,DNote24-9763,Notechis,-,Ad009,unknown,P_ad_hp,EBPCR1+HpaII,E/colleen/30-8-24/001,H3,T/sissiv/26-9-24/012,H1,,,TTGAGTCTCTGTGCA,TTGAGTCTCTG,2914804,1902805,277105,27,1.57,good,22T375LT3,8
4027256,DNote24-9763,Notechis,-,Af008,unknown,P_ad_hp,EBPCR1+HpaII,E/colleen/30-8-24/001,A7,T/sissiv/26-9-24/012,A2,,,GTTGCTTGGACGAAT,GTTGCTTGGACGAA,2914829,1930820,286711,21,1.17,good,22T375LT3,8
4027257,DNote24-9763,Notechis,-,Af010,unknown,P_ad_hp,EBPCR1+HpaII,E/colleen/30-8-24/001,B7,T/sissiv/26-9-24/012,B2,,,TCAATAAGTGTAGTG,TCAATAAGTGTAG,2914830,1867916,193910,15,1.32,downshifted,22T375LT3,8
4027258,DNote24-9763,Notechis,-,Af011,unknown,P_ad_hp,EBPCR1+HpaII,E/colleen/30-8-24/001,C7,T/sissiv/26-9-24/012,C2,,,GTAGTCGGATGTGCA,GTAGTCGGATG,2914831,2072712,261228,14,1.39,downshifted,22T375LT3,8
4027259,DNote24-9763,Notechis,-,Af012,unknown,P_ad_hp,EBPCR1+HpaII,E/colleen/30-8-24/001,D7,T/sissiv/26-9-24/012,D2,,,CCGAACTTCATGCAG,CCGAACTTCA,2914832,1998096,281370,24,1.32,good,22T375LT3,8
4027260,DNote24-9763,Notechis,-,Af013,unknown,P_ad_hp,EBPCR1+HpaII,E/colleen/30-8-24/001,E7,T/sissiv/26-9-24/012,E2,,,AGACGATACAGTGCA,AGACGATACAG,2914833,2020572,250504,16,1.13,good,22T375LT3,8
4027261,DNote24-9763,Notechis,-,Af015,unknown,P_ad_hp,EBPCR1+HpaII,E/colleen/30-8-24/001,F7,T/sissiv/26-9-24/012,F2,,,AAGTGCACCATATGC,AAGTGCACCATA,2914834,1901492,237701,35,1.49,good,22T375LT3,8
4027262,DNote24-9763,Notechis,-,Af016,unknown,P_ad_hp,EBPCR1+HpaII,E/colleen/30-8-24/001,G7,T/sissiv/26-9-24/012,G2,,,GCGGTATGTTATGCA,GCGGTATGTTA,2914835,1958264,302299,24,1.18,good,22T375LT3,8
4027263,DNote24-9763,Notechis,-,Af017,unknown,P_ad_hp,EBPCR1+HpaII,E/colleen/30-8-24/001,H7,T/sissiv/26-9-24/012,H2,,,TCTGATGATCGCGTG,TCTGATGATCGCG,2914836,1937626,288771,24,1.28,good,22T375LT3,8
4027264,DNote24-9763,Notechis,-,Af018,unknown,P_ad_hp,EBPCR1+HpaII,E/colleen/30-8-24/001,A8,T/sissiv/26-9-24/012,A3,,,GTGGAACTACTCCAT,GTGGAACTACTCCA,2914837,1941436,293748,25,1.41,downshifted,22T375LT3,8
4027265,DNote24-9763,Notechis,-,Af020,unknown,P_ad_hp,EBPCR1+HpaII,E/colleen/30-8-24/001,B8,T/sissiv/26-9-24/012,B3,,,ACCGTAACTATTGCA,ACCGTAACTAT,2914838,2068367,273251,13,1.23,good,22T375LT3,8
4027266,DNote24-9763,Notechis,-,Af021,unknown,P_ad_hp,EBPCR1+HpaII,E/colleen/30-8-24/001,C8,T/sissiv/26-9-24/012,C3,,,CAAGATTGAGCGATG,CAAGATTGAGCGA,2914839,2022678,282445,27,1.51,good,22T375LT3,8
4027267,DNote24-9763,Notechis,-,Af022,unknown,P_ad_hp,EBPCR1+HpaII,E/colleen/30-8-24/001,D8,T/sissiv/26-9-24/012,D3,,,GATTCCGAACGTGCA,GATTCCGAACG,2914840,1992265,279113,24,1.31,good,22T375LT3,8
4027268,DNote24-9763,Notechis,-,"Al 327",unknown,P_ad_hp,EBPCR1+HpaII,E/colleen/30-8-24/002,E1,T/sissiv/26-9-24/012,E3,,,TGATGCGAGTTGCAG,TGATGCGAGT,2914879,2088416,270449,26,1.91,good,22T375LT3,8
4027269,DNote24-9763,Notechis,-,"Al 329",unknown,P_ad_hp,EBPCR1+HpaII,E/colleen/30-8-24/002,F1,T/sissiv/26-9-24/012,F3,,,ACCATAGTGTGCAAT,ACCATAGTGTGCAA,2914880,2011357,266524,22,1.53,good,22T375LT3,8
4027270,DNote24-9763,Notechis,-,"Al 331",unknown,P_ad_hp,EBPCR1+HpaII,E/colleen/30-8-24/002,G1,T/sissiv/26-9-24/012,G3,,,ACGTCGCTCTGGATG,ACGTCGCTCTGGA,2914881,1882192,424713,29,1.33,good,22T375LT3,8
4027271,DNote24-9763,Notechis,-,"Al 333",unknown,P_ad_hp,EBPCR1+HpaII,E/colleen/30-8-24/002,H1,T/sissiv/26-9-24/012,H3,,,TGAAGGAGCAGTGCA,TGAAGGAGCAG,2914882,1818773,286994,33,1.46,good,22T375LT3,8
4027272,DNote24-9763,Notechis,-,"Al 379",unknown,P_ad_hp,EBPCR1+HpaII,E/colleen/30-8-24/002,A3,T/sissiv/26-9-24/012,A4,,,TTGAGTCGGTTGCAG,TTGAGTCGGT,2914891,2022612,301833,31,2.16,good,22T375LT3,8
4027273,DNote24-9763,Notechis,-,Al003,unknown,P_ad_hp,EBPCR1+HpaII,E/colleen/30-8-24/002,B3,T/sissiv/26-9-24/012,B4,,,CTAATGGTATGCCTT,CTAATGGTATGCCT,2914892,1882289,271113,29,1.88,good,22T375LT3,8
4027274,DNote24-9763,Notechis,-,AL401,unknown,P_ad_hp,EBPCR1+HpaII,E/colleen/30-8-24/002,C3,T/sissiv/26-9-24/012,C4,,,TTGAATAGAATGCAG,TTGAATAGAA,2914893,1856121,336128,18,1.12,good,22T375LT3,8
4027275,DNote24-9763,Notechis,-,AL402,unknown,P_ad_hp,EBPCR1+HpaII,E/colleen/30-8-24/002,D3,T/sissiv/26-9-24/012,D4,,,ATCCGATTGCGTATG,ATCCGATTGCGTA,2914894,1934660,316733,33,1.36,good,22T375LT3,8
4027276,DNote24-9763,Notechis,-,AL403,unknown,P_ad_hp,EBPCR1+HpaII,E/colleen/30-8-24/002,E3,T/sissiv/26-9-24/012,E4,,,ACAAGACTGGTTGCA,ACAAGACTGGT,2914895,1926458,307007,27,0.99,good,22T375LT3,8
4027277,DNote24-9763,Notechis,-,AL404,unknown,P_ad_hp,EBPCR1+HpaII,E/colleen/30-8-24/002,F3,T/sissiv/26-9-24/012,F4,,,TACTATTGACAGGAT,TACTATTGACAGGA,2914896,1815105,252039,17,1.43,good,22T375LT3,8
4027278,DNote24-9763,Notechis,-,AL405,unknown,P_ad_hp,EBPCR1+HpaII,E/colleen/30-8-24/002,G3,T/sissiv/26-9-24/012,G4,,,AGAGCATGGCTTGCA,AGAGCATGGCT,2914897,1876917,291476,35,1.41,good,22T375LT3,8
4027279,DNote24-9763,Notechis,-,AL406,unknown,P_ad_hp,EBPCR1+HpaII,E/colleen/30-8-24/002,H3,T/sissiv/26-9-24/012,H4,,,TTGAGCAAGAATATG,TTGAGCAAGAATA,2914898,1782790,290744,35,1.75,good,22T375LT3,8
4027280,DNote24-9763,Notechis,-,AL415,unknown,P_ad_hp,EBPCR1+HpaII,E/colleen/30-8-24/002,A5,T/sissiv/26-9-24/012,A5,,,ATAACGTGTAAGATG,ATAACGTGTAAGA,2914907,1758377,317904,35,1.58,downshifted,22T375LT3,8
4027281,DNote24-9763,Notechis,-,AL416,unknown,P_ad_hp,EBPCR1+HpaII,E/colleen/30-8-24/002,B5,T/sissiv/26-9-24/012,B5,,,TCTCGCGGTTGTGCA,TCTCGCGGTTG,2914908,1859429,261945,32,1.60,good,22T375LT3,8
4027282,DNote24-9763,Notechis,-,AL417,unknown,P_ad_hp,EBPCR1+HpaII,E/colleen/30-8-24/002,C5,T/sissiv/26-9-24/012,C5,,,CCGTCCGCCAAGATT,CCGTCCGCCAAGAT,2914909,1948683,281060,29,1.41,good,22T375LT3,8
4027283,DNote24-9763,Notechis,-,AL418,unknown,P_ad_hp,EBPCR1+HpaII,E/colleen/30-8-24/002,D5,T/sissiv/26-9-24/012,D5,,,GAAGGTATGTCCATT,GAAGGTATGTCCAT,2914910,2067598,269383,37,2.03,downshifted,22T375LT3,8
4027284,DNote24-9763,Notechis,-,AL419,unknown,P_ad_hp,EBPCR1+HpaII,E/colleen/30-8-24/002,E5,T/sissiv/26-9-24/012,E5,,,ATTCTCCTGCTGGTG,ATTCTCCTGCTGG,2914911,2237319,295702,31,1.72,downshifted,22T375LT3,8
4027285,DNote24-9763,Notechis,-,AL420,unknown,P_ad_hp,EBPCR1+HpaII,E/colleen/30-8-24/002,F5,T/sissiv/26-9-24/012,F5,,,ATATTCCAAGCGTTG,ATATTCCAAGCGT,2914912,2035091,353877,26,1.09,good,22T375LT3,8
4027286,DNote24-9763,Notechis,-,AL422,unknown,P_ad_hp,EBPCR1+HpaII,E/colleen/30-8-24/002,G5,T/sissiv/26-9-24/012,G5,,,CTCACTATAACTTGC,CTCACTATAACT,2914913,1913410,288365,30,1.91,good,22T375LT3,8
4027287,DNote24-9763,Notechis,-,AL423,unknown,P_ad_hp,EBPCR1+HpaII,E/colleen/30-8-24/002,H5,T/sissiv/26-9-24/012,H5,,,TAGTTGAGCATTATG,TAGTTGAGCATTA,2914914,1978233,292273,31,2.34,good,22T375LT3,8
4027288,DNote24-9763,Notechis,-,"KLS 1352",unknown,P_ad_hp,EBPCR1+HpaII,E/colleen/30-8-24/004,A1,T/sissiv/26-9-24/012,A6,,,GTATAAGATGGCGTG,GTATAAGATGGCG,2915063,1635360,305045,20,1.68,good,22T375LT3,8
4027289,DNote24-9763,Notechis,-,"KLS 1440",unknown,P_ad_hp,EBPCR1+HpaII,E/colleen/30-8-24/004,B1,T/sissiv/26-9-24/012,B6,,,CCAATGTATACATTG,CCAATGTATACAT,2915064,1595956,284329,16,1.51,good,22T375LT3,8
4027290,DNote24-9763,Notechis,-,"KLS 1487",unknown,P_ad_hp,EBPCR1+HpaII,E/colleen/30-8-24/004,C1,T/sissiv/26-9-24/012,C6,,,CTACTTGCGATTGCA,CTACTTGCGAT,2915065,1714717,308950,21,1.76,good,22T375LT3,8
4027291,DNote24-9763,Notechis,-,"KLS 1535",unknown,P_ad_hp,EBPCR1+HpaII,E/colleen/30-8-24/004,D1,T/sissiv/26-9-24/012,D6,,,ACTGTAGATAGGTTG,ACTGTAGATAGGT,2915066,1692426,248661,22,2.14,good,22T375LT3,8
4027292,DNote24-9763,Notechis,-,"KLS 1656",unknown,P_ad_hp,EBPCR1+HpaII,E/colleen/30-8-24/004,E1,T/sissiv/26-9-24/012,E6,,,AGCGTCAATGCCTGT,AGCGTCAATGCCTG,2915067,1699970,282979,23,1.76,good,22T375LT3,8
4027293,DNote24-9763,Notechis,-,"KLS 1657",unknown,P_ad_hp,EBPCR1+HpaII,E/colleen/30-8-24/004,F1,T/sissiv/26-9-24/012,F6,,,CTAGAACGCCTATGC,CTAGAACGCCTA,2915068,1500950,179347,18,3.63,good,22T375LT3,8
4027294,DNote24-9763,Notechis,-,"KLS 1658",unknown,P_ad_hp,EBPCR1+HpaII,E/colleen/30-8-24/004,G1,T/sissiv/26-9-24/012,G6,,,CGTGATTAGGCTGAT,CGTGATTAGGCTGA,2915069,1562098,300465,7,1.11,good,22T375LT3,8
4027295,DNote24-9763,Notechis,-,"KLS 1659",unknown,P_ad_hp,EBPCR1+HpaII,E/colleen/30-8-24/004,H1,T/sissiv/26-9-24/012,H6,,,AGAGTGGTATTGCAG,AGAGTGGTAT,2915070,1668826,236031,4,0.54,good,22T375LT3,8
4027296,DNote24-9763,Notechis,-,"KLS 1685",unknown,P_ad_hp,EBPCR1+HpaII,E/colleen/30-8-24/004,A5,T/sissiv/26-9-24/012,A7,,,CGGTCGTGCCGTGTT,CGGTCGTGCCGTGT,2915095,1594373,258998,19,1.23,good,22T375LT3,8
4027297,DNote24-9763,Notechis,-,"KLS 1686",unknown,P_ad_hp,EBPCR1+HpaII,E/colleen/30-8-24/004,B5,T/sissiv/26-9-24/012,B7,,,CTAACTCCGTATGCA,CTAACTCCGTA,2915096,1720728,552312,8,0.95,good,22T375LT3,8
4027298,DNote24-9763,Notechis,-,"KLS 1688",unknown,P_ad_hp,EBPCR1+HpaII,E/colleen/30-8-24/004,C5,T/sissiv/26-9-24/012,C7,,,AGACTGTATACTTGC,AGACTGTATACT,2915097,1667773,305514,13,1.06,good,22T375LT3,8
4027299,DNote24-9763,Notechis,-,"KLS 1689",unknown,P_ad_hp,EBPCR1+HpaII,E/colleen/30-8-24/004,D5,T/sissiv/26-9-24/012,D7,,,CCTAGTTCGGTTGCA,CCTAGTTCGGT,2915098,1666814,353221,13,1.17,good,22T375LT3,8
4027300,DNote24-9763,Notechis,-,"KLS 1690",unknown,P_ad_hp,EBPCR1+HpaII,E/colleen/30-8-24/004,E5,T/sissiv/26-9-24/012,E7,,,CTTAGGAATGTGCAG,CTTAGGAATG,2915099,1598766,269749,27,2.17,good,22T375LT3,8
4027301,DNote24-9763,Notechis,-,"KLS 1691",unknown,P_ad_hp,EBPCR1+HpaII,E/colleen/30-8-24/004,F5,T/sissiv/26-9-24/012,F7,,,AGGTTGGCGATGCAG,AGGTTGGCGA,2915100,1678835,248072,15,1.21,good,22T375LT3,8
4027302,DNote24-9763,Notechis,-,"KLS 1692",unknown,P_ad_hp,EBPCR1+HpaII,E/colleen/30-8-24/004,G5,T/sissiv/26-9-24/012,G7,,,TCGTCATTGAATGCA,TCGTCATTGAA,2915101,1612514,288837,20,3.32,good,22T375LT3,8
4027303,DNote24-9763,Notechis,-,"KLS 1693",unknown,P_ad_hp,EBPCR1+HpaII,E/colleen/30-8-24/004,H5,T/sissiv/26-9-24/012,H7,,,TGGAGGTCAAGCAGT,TGGAGGTCAAGCAG,2915102,1622714,251002,26,1.81,good,22T375LT3,8
4027304,DNote24-9763,Notechis,-,"KLS 1702",unknown,P_ad_hp,EBPCR1+HpaII,E/colleen/30-8-24/004,A7,T/sissiv/26-9-24/012,A8,,,AACCACTCAGATTGC,AACCACTCAGAT,2915111,1683110,348870,21,1.22,good,22T375LT3,8
4027305,DNote24-9763,Notechis,-,"KLS 1703",unknown,P_ad_hp,EBPCR1+HpaII,E/colleen/30-8-24/004,B7,T/sissiv/26-9-24/012,B8,,,GTGAGCAGAGGTGCA,GTGAGCAGAGG,2915112,1609617,274072,21,3.41,good,22T375LT3,8
4027306,DNote24-9763,Notechis,-,"KLS 1704",unknown,P_ad_hp,EBPCR1+HpaII,E/colleen/30-8-24/004,C7,T/sissiv/26-9-24/012,C8,,,GATCTAACATTGCAG,GATCTAACAT,2915113,1663616,253636,24,1.60,good,22T375LT3,8
4027307,DNote24-9763,Notechis,-,"KLS 1705",unknown,P_ad_hp,EBPCR1+HpaII,E/colleen/30-8-24/004,D7,T/sissiv/26-9-24/012,D8,,,CACCGCTGTCATTGC,CACCGCTGTCAT,2915114,1607904,272111,20,3.41,good,22T375LT3,8
